# Simulated ride route: TKM Institute of Technology -> Ezhukone -> back, Kollam.
# Route data (c) OpenStreetMap contributors, ODbL 1.0. Columns: lat,lon,speed_kmh
8.9949170,76.6960910,0.00
8.9947189,76.6959167,22.03
8.9944584,76.6958333,22.36
8.9941811,76.6958000,22.36
8.9939565,76.6957832,22.68
8.9936947,76.6956828,22.36
8.9934381,76.6955782,22.36
8.9931952,76.6954387,22.36
8.9929569,76.6952888,22.68
8.9927004,76.6952037,22.36
8.9927203,76.6954455,22.36
8.9928769,76.6956808,22.68
8.9928909,76.6959625,22.03
8.9928875,76.6962410,22.68
8.9928656,76.6965230,22.36
8.9928679,76.6968057,22.36
8.9928803,76.6970881,22.36
8.9929023,76.6973697,22.36
8.9929392,76.6976499,22.36
8.9930080,76.6979229,22.36
8.9930570,76.6982011,23.00
8.9932250,76.6984062,24.41
8.9935071,76.6983883,28.84
8.9937914,76.6983558,28.51
8.9940750,76.6983466,29.16
8.9943631,76.6983610,28.51
8.9945885,76.6984841,29.16
8.9947330,76.6987319,28.51
8.9948196,76.6990050,28.51
8.9949055,76.6992796,28.51
8.9949892,76.6995568,28.84
8.9950547,76.6998405,28.84
8.9951122,76.7001251,28.84
8.9952145,76.7003996,29.16
8.9953071,76.7006778,28.84
8.9953502,76.7009230,21.44
8.9952025,76.7011324,28.51
8.9952590,76.7013981,28.51
8.9953981,76.7016574,28.51
8.9955192,76.7019197,28.51
8.9955896,76.7021978,28.51
8.9956541,76.7024778,28.51
8.9957030,76.7027571,28.19
8.9956245,76.7030305,28.51
8.9956349,76.7033188,28.51
8.9956565,76.7036097,28.84
8.9956815,76.7038752,17.91
8.9959180,76.7038835,29.16
8.9961407,76.7039370,21.89
8.9961557,76.7042135,29.16
8.9961107,76.7045045,29.16
8.9960005,76.7047696,28.51
8.9959011,76.7050419,29.16
8.9959050,76.7053333,24.45
8.9956831,76.7053999,32.39
8.9953948,76.7054424,45.00
8.9950695,76.7055275,45.00
8.9947563,76.7056517,45.00
8.9944497,76.7057927,45.00
8.9941231,76.7058570,45.00
8.9938226,76.7058620,32.61
8.9935541,76.7057443,45.00
8.9933478,76.7056538,45.00
8.9930504,76.7054929,45.00
8.9928523,76.7053852,45.00
8.9925552,76.7052235,45.00
8.9922461,76.7050923,45.00
8.9919212,76.7050009,45.00
8.9917045,76.7049400,45.00
8.9913732,76.7048768,45.00
8.9911520,76.7048360,45.00
8.9909308,76.7047951,45.00
8.9905991,76.7047339,45.00
8.9903779,76.7046931,45.00
8.9901567,76.7046523,45.00
8.9898249,76.7045912,45.00
8.9894925,76.7046365,45.00
8.9892018,76.7047717,36.07
8.9889874,76.7048741,17.93
8.9887199,76.7048659,35.42
8.9884095,76.7048563,45.00
8.9880759,76.7048937,45.00
8.9878545,76.7049336,45.00
8.9875225,76.7049933,45.00
8.9871904,76.7050527,45.00
8.9868808,76.7051812,45.00
8.9866796,76.7052828,45.00
8.9863984,76.7054365,39.35
8.9861557,76.7056602,45.00
8.9859894,76.7058134,45.00
8.9857497,76.7060529,45.00
8.9855516,76.7062599,31.41
8.9852776,76.7063335,44.52
8.9849576,76.7063762,36.11
8.9847293,76.7065432,35.68
8.9846810,76.7067964,40.20
8.9846671,76.7071307,45.00
8.9846530,76.7074719,45.00
8.9846408,76.7077706,30.36
8.9844305,76.7078872,30.62
8.9841540,76.7078619,43.61
8.9838187,76.7078312,45.00
8.9834843,76.7078277,45.00
8.9832638,76.7078725,45.00
8.9829370,76.7078570,45.00
8.9827215,76.7077919,45.00
8.9824007,76.7076950,41.09
8.9820825,76.7076603,45.00
8.9818583,76.7076425,45.00
8.9815221,76.7076157,45.00
8.9811891,76.7075654,45.00
8.9809685,76.7075213,45.00
8.9806377,76.7074553,45.00
8.9804171,76.7074113,45.00
8.9800825,76.7074012,45.00
8.9797590,76.7074767,45.00
8.9795124,76.7075866,25.86
8.9796346,76.7078300,38.23
8.9797907,76.7081164,45.00
8.9799209,76.7084307,45.00
8.9799932,76.7086463,45.00
8.9800878,76.7089738,45.00
8.9801468,76.7093096,45.00
8.9801786,76.7096495,45.00
8.9802670,76.7099750,45.00
8.9803839,76.7102871,38.69
8.9804123,76.7105565,40.65
8.9803913,76.7108878,45.00
8.9803595,76.7111132,45.00
8.9803527,76.7114531,45.00
8.9803789,76.7117930,45.00
8.9804184,76.7120171,45.00
8.9804579,76.7122412,45.00
8.9805320,76.7125742,45.00
8.9806185,76.7129035,43.20
8.9806366,76.7131649,34.16
8.9805416,76.7134533,45.00
8.9804617,76.7136661,45.00
8.9803418,76.7139852,45.00
8.9802381,76.7143101,45.00
8.9801351,76.7146352,45.00
8.9800338,76.7149608,45.00
8.9799566,76.7152279,26.45
8.9799046,76.7154078,12.47
8.9798223,76.7156914,34.38
8.9797481,76.7159885,45.00
8.9797068,76.7162123,45.00
8.9796869,76.7165249,32.88
8.9797161,76.7167838,29.91
8.9798009,76.7170433,42.75
8.9799328,76.7173556,45.00
8.9800212,76.7175649,45.00
8.9801096,76.7177742,45.00
8.9802207,76.7180661,32.38
8.9802998,76.7183296,32.38
8.9803472,76.7186182,45.00
8.9803715,76.7188445,45.00
8.9803967,76.7190707,45.00
8.9804286,76.7193651,29.20
8.9807370,76.7194016,42.08
8.9810594,76.7194074,43.09
8.9813816,76.7193870,43.09
8.9816952,76.7193209,42.77
8.9819989,76.7192245,42.77
8.9822756,76.7190608,42.77
8.9825583,76.7189069,43.74
8.9828158,76.7188091,27.03
8.9830155,76.7189573,22.36
8.9830758,76.7192332,22.36
8.9831292,76.7195106,22.36
8.9832729,76.7197369,22.36
8.9835230,76.7198228,22.03
8.9837489,76.7198416,22.68
8.9840008,76.7197306,22.36
8.9842417,76.7197370,22.03
8.9845151,76.7197578,22.03
8.9847660,76.7196573,22.03
8.9850126,76.7196011,13.22
8.9851144,76.7193909,16.61
8.9853501,76.7194645,22.03
8.9855741,76.7196293,22.68
8.9856949,76.7198514,22.36
8.9855416,76.7200858,22.68
8.9853875,76.7202537,22.36
8.9851898,76.7204533,22.36
8.9850306,76.7206785,22.03
8.9850098,76.7209592,22.36
8.9849938,76.7212415,22.36
8.9849778,76.7215237,22.36
8.9852222,76.7215723,22.36
8.9854987,76.7215328,22.36
8.9857768,76.7215084,22.36
8.9860414,76.7214934,14.72
8.9860632,76.7217591,22.68
8.9861506,76.7220114,22.68
8.9862521,76.7222643,22.68
8.9861998,76.7225041,14.63
8.9860185,76.7226889,22.68
8.9859242,76.7228958,22.03
8.9856926,76.7228332,22.36
8.9854906,76.7227160,6.83
8.9853019,76.7226514,22.36
8.9855516,76.7227397,22.36
8.9857852,76.7228946,22.36
8.9860300,76.7230328,22.68
8.9862356,76.7231295,22.68
8.9863667,76.7233660,22.68
8.9865923,76.7233136,22.36
8.9868275,76.7231613,22.36
8.9870555,76.7229949,22.68
8.9872329,76.7228522,22.68
8.9874295,76.7226509,22.36
8.9876116,76.7224366,22.36
8.9877486,76.7222552,22.68
8.9878875,76.7220094,22.36
8.9880023,76.7217517,22.36
8.9882085,76.7215606,22.68
8.9884030,76.7214432,22.68
8.9886014,76.7213322,22.68
8.9887824,76.7211956,22.68
8.9889563,76.7210485,22.68
8.9891549,76.7208490,22.36
8.9893511,76.7206509,22.36
8.9895896,76.7205024,22.68
8.9897929,76.7204010,22.68
8.9899723,76.7201972,22.36
8.9900959,76.7199437,22.36
8.9902196,76.7196902,22.36
8.9903426,76.7194352,22.68
8.9904397,76.7192279,22.68
8.9905369,76.7190206,22.68
8.9906340,76.7188133,22.68
8.9908883,76.7187109,37.22
8.9911735,76.7186314,34.08
8.9913945,76.7185264,21.48
8.9914050,76.7182502,22.36
8.9914632,76.7179840,22.68
8.9915863,76.7177312,22.36
8.9917013,76.7174760,23.00
8.9917274,76.7172294,20.12
8.9917495,76.7169520,22.36
8.9917997,76.7167296,22.68
8.9918210,76.7164473,22.36
8.9918192,76.7161633,22.68
8.9918458,76.7159362,22.68
8.9919365,76.7157276,22.36
8.9919931,76.7154528,22.36
8.9920047,76.7151730,22.68
8.9919189,76.7149617,20.89
8.9919085,76.7146839,22.68
8.9918742,76.7144571,22.68
8.9918434,76.7141760,22.36
8.9918129,76.7138950,22.36
8.9917489,76.7136751,22.68
8.9916792,76.7134569,22.68
8.9916266,76.7131821,22.03
8.9917095,76.7129164,22.36
8.9917752,76.7126979,22.36
8.9918357,76.7124219,22.36
8.9918933,76.7121454,22.36
8.9919253,76.7118646,22.36
8.9919498,76.7115832,22.36
8.9919645,76.7113025,22.36
8.9920275,76.7110271,22.36
8.9921276,76.7107632,22.36
8.9921473,76.7104888,22.36
8.9919283,76.7103280,34.82
8.9916549,76.7102631,33.27
8.9915496,76.7099827,45.00
8.9914451,76.7097047,30.16
8.9913163,76.7095007,23.17
8.9910800,76.7092899,40.31
8.9908127,76.7091116,45.00
8.9905900,76.7090799,45.00
8.9902573,76.7090269,45.00
8.9900427,76.7089590,45.00
8.9897493,76.7088661,32.48
8.9895404,76.7087223,22.68
8.9894974,76.7084980,22.68
8.9895312,76.7082187,22.36
8.9895468,76.7079916,22.68
8.9895509,76.7077622,22.68
8.9896591,76.7075615,22.68
8.9897350,76.7072948,22.68
8.9898149,76.7070290,22.36
8.9896205,76.7068790,16.51
8.9896190,76.7066085,22.36
8.9895354,76.7063452,22.36
8.9893890,76.7061045,22.36
8.9892414,76.7058645,22.36
8.9892411,76.7055965,22.36
8.9892032,76.7053173,22.36
8.9891426,76.7050974,22.68
8.9890753,76.7048783,22.68
8.9892908,76.7047216,37.22
8.9895898,76.7046197,45.00
8.9899220,76.7046091,45.00
8.9901432,76.7046499,45.00
8.9903645,76.7046906,45.00
8.9906962,76.7047518,45.00
8.9909174,76.7047927,45.00
8.9911386,76.7048335,45.00
8.9913598,76.7048743,45.00
8.9915810,76.7049152,45.00
8.9919080,76.7049972,45.00
8.9922330,76.7050886,45.00
8.9925432,76.7052170,45.00
8.9927413,76.7053248,45.00
8.9930383,76.7054864,45.00
8.9932364,76.7055942,45.00
8.9935415,76.7057388,45.00
8.9938257,76.7058633,32.85
8.9941097,76.7058575,44.69
8.9944370,76.7057976,45.00
8.9947442,76.7056580,45.00
8.9950566,76.7055318,45.00
8.9953814,76.7054444,45.00
8.9957013,76.7053973,36.02
8.9959037,76.7052378,29.16
8.9959315,76.7049490,28.84
8.9960490,76.7046857,28.51
8.9961306,76.7044076,29.16
8.9961626,76.7041150,29.16
8.9960972,76.7038962,22.59
8.9958201,76.7038800,29.16
8.9956606,76.7036568,28.84
8.9956383,76.7033659,28.84
8.9956262,76.7030772,28.51
8.9957012,76.7028026,28.51
8.9956699,76.7025217,28.51
8.9955976,76.7022438,28.51
8.9955366,76.7019630,28.51
8.9954188,76.7016991,28.51
8.9952823,76.7014383,28.51
8.9951448,76.7012031,19.18
8.9953096,76.7010015,26.19
8.9953194,76.7007254,28.84
8.9952319,76.7004463,29.16
8.9951294,76.7001711,28.84
8.9950618,76.6998892,28.84
8.9950018,76.6996044,28.84
8.9949215,76.6993253,28.51
8.9948300,76.6990523,28.51
8.9947532,76.6987759,28.51
8.9946219,76.6985209,29.16
8.9944108,76.6983606,28.51
8.9941239,76.6983511,29.16
8.9938385,76.6983483,28.51
8.9935554,76.6983852,28.84
8.9932678,76.6984035,28.84
8.9930570,76.6982361,22.37
8.9930353,76.6980088,22.36
8.9929510,76.6977394,22.36
8.9929141,76.6974592,22.36
8.9928843,76.6971783,22.36
8.9928717,76.6968959,22.36
8.9928659,76.6966133,22.36
8.9928799,76.6963311,22.36
8.9928941,76.6960514,22.03
8.9928818,76.6957712,22.36
8.9927631,76.6955250,22.36
8.9926444,76.6952676,21.05
8.9928825,76.6952381,22.03
8.9930694,76.6953664,22.36
8.9933123,76.6955059,22.36
8.9935633,76.6956228,22.03
8.9938169,76.6957397,22.68
8.9940926,76.6957896,22.68
8.9943700,76.6958232,22.36
8.9946421,76.6958719,22.36
8.9948598,76.6960407,19.32
8.9949170,76.6960910,0.00
